{
  "roc_auc": 0.7209944719009473,
  "f1": 0.43424185551416006,
  "precision": 0.32231370592149033,
  "recall": 0.6652647841387005,
  "tn_fp_fn_tp": [
    31457,
    16297,
    3900,
    7751
  ]
}